{
  "html": {
    "tags": {
      "a":          {"block": false, "selfClosing": false, "defaultAttr": {"href": ""}},
      "abbr":       {"block": false, "selfClosing": false, "defaultAttr": {"title": ""}},
      "acronym":    {"block": false, "selfClosing": false, "defaultAttr": {"title": ""}},
      "address":    {"block": true,  "selfClosing": false},
      "applet":     {"block": true,  "selfClosing": false},
      "area":       {"block": false, "selfClosing": true,  "defaultAttr": {"shape": "", "coords": "", "href": "", "alt": ""}},
      "article":    {"block": true,  "selfClosing": false},
      "aside":      {"block": true,  "selfClosing": false},
      "audio":      {"block": true,  "selfClosing": false, "defaultAttr": {"src": ""}},
      "b":          {"block": false, "selfClosing": false},
      "base":       {"block": false, "selfClosing": true,  "defaultAttr": {"href": ""}},
      "basefont":   {"block": false, "selfClosing": true},
      "bdi":        {"block": false, "selfClosing": false},
      "bdo":        {"block": true,  "selfClosing": false, "defaultAttr": {"dir": ""}},
      "big":        {"block": false, "selfClosing": false},
      "blockquote": {"block": true,  "selfClosing": false},
      "body":       {"block": true,  "selfClosing": false},
      "br":         {"block": false, "selfClosing": true},
      "button":     {"block": false, "selfClosing": false},
      "canvas":     {"block": false, "selfClosing": false},
      "caption":    {"block": false, "selfClosing": false},
      "center":     {"block": false, "selfClosing": false},
      "cite":       {"block": false, "selfClosing": false},
      "code":       {"block": false, "selfClosing": false},
      "col":        {"block": false, "selfClosing": true},
      "colgroup":   {"block": true,  "selfClosing": false},
      "command":    {"block": false, "selfClosing": false},
      "datalist":   {"block": true,  "selfClosing": false},
      "dd":         {"block": false, "selfClosing": false},
      "del":        {"block": false, "selfClosing": false},
      "details":    {"block": true,  "selfClosing": false},
      "dfn":        {"block": false, "selfClosing": false},
      "dialog":     {"block": false, "selfClosing": false},
      "dir":        {"block": true,  "selfClosing": false},
      "div":        {"block": false, "selfClosing": false},
      "dl":         {"block": true,  "selfClosing": false},
      "dt":         {"block": false, "selfClosing": false},
      "em":         {"block": false, "selfClosing": false},
      "embed":      {"block": false, "selfClosing": true, "defaultAttr": {"src": "", "type": ""}},
      "fieldset":   {"block": true,  "selfClosing": false},
      "figcaption": {"block": false, "selfClosing": false},
      "figure":     {"block": true,  "selfClosing": false},
      "font":       {"block": false, "selfClosing": false},
      "footer":     {"block": true,  "selfClosing": false},
      "form":       {"block": true,  "selfClosing": false, "defaultAttr": {"action": ""}},
      "frame":      {"block": false, "selfClosing": true},
      "frameset":   {"block": true,  "selfClosing": false},
      "head":       {"block": true,  "selfClosing": false},
      "header":     {"block": true,  "selfClosing": false},
      "hgroup":     {"block": true,  "selfClosing": false},
      "h1":         {"block": false, "selfClosing": false},
      "h2":         {"block": false, "selfClosing": false},
      "h3":         {"block": false, "selfClosing": false},
      "h4":         {"block": false, "selfClosing": false},
      "h5":         {"block": false, "selfClosing": false},
      "h6":         {"block": false, "selfClosing": false},
      "hr":         {"block": false, "selfClosing": true},
      "html":       {"block": true,  "selfClosing": false},
      "i":          {"block": false, "selfClosing": false},
      "iframe":     {"block": false, "selfClosing": false, "defaultAttr": {"src": "", "frameborder": "0"}},
      "img":        {"block": false, "selfClosing": true, "defaultAttr": {"src": "", "alt": ""}},
      "input":      {"block": false, "selfClosing": true, "defaultAttr": {"type": "text", "name": "", "value": ""}},
      "ins":        {"block": false, "selfClosing": false},
      "kbd":        {"block": false, "selfClosing": false},
      "keygen":     {"block": false, "selfClosing": true},
      "label":      {"block": false, "selfClosing": false, "defaultAttr": {"for": ""}},
      "legend":     {"block": false, "selfClosing": false},
      "li":         {"block": false, "selfClosing": false},
      "link":       {"block": false, "selfClosing": true, "defaultAttr": {"rel": "stylesheet", "href": ""}},
      "map":        {"block": true,  "selfClosing": false, "defaultAttr": {"name": ""}},
      "mark":       {"block": false, "selfClosing": false},
      "menu":       {"block": true,  "selfClosing": false},
      "meta":       {"block": false, "selfClosing": true},
      "meter":      {"block": false, "selfClosing": false},
      "nav":        {"block": true,  "selfClosing": false},
      "noframes":   {"block": false, "selfClosing": false},
      "noscript":   {"block": false, "selfClosing": false},
      "object":     {"block": false, "selfClosing": false, "defaultAttr": {"data": "", "type": ""}},
      "ol":         {"block": true,  "selfClosing": false},
      "optgroup":   {"block": true,  "selfClosing": false},
      "option":     {"block": false, "selfClosing": false, "defaultAttr": {"value": ""}},
      "output":     {"block": false, "selfClosing": false},
      "p":          {"block": false, "selfClosing": false},
      "param":      {"block": false, "selfClosing": true, "defaultAttr": {"name": "", "value": ""}},
      "pre":        {"block": true,  "selfClosing": false},
      "progress":   {"block": false, "selfClosing": false},
      "q":          {"block": false, "selfClosing": false},
      "rp":         {"block": false, "selfClosing": false},
      "rt":         {"block": false, "selfClosing": false},
      "ruby":       {"block": false, "selfClosing": false},
      "s":          {"block": false, "selfClosing": false},
      "samp":       {"block": false, "selfClosing": false},
      "script":     {"block": true,  "selfClosing": false},
      "section":    {"block": true,  "selfClosing": false},
      "select":     {"block": true,  "selfClosing": false, "defaultAttr": {"name": "", "id": ""}},
      "small":      {"block": false, "selfClosing": false},
      "source":     {"block": false, "selfClosing": true},
      "span":       {"block": false, "selfClosing": false},
      "strike":     {"block": false, "selfClosing": false},
      "strong":     {"block": false, "selfClosing": false},
      "style":      {"block": true,  "selfClosing": false},
      "sub":        {"block": false, "selfClosing": false},
      "summary":    {"block": false, "selfClosing": false},
      "sup":        {"block": false, "selfClosing": false},
      "table":      {"block": true,  "selfClosing": false},
      "tbody":      {"block": true,  "selfClosing": false},
      "td":         {"block": false, "selfClosing": false},
      "textarea":   {"block": true,  "selfClosing": false, "defaultAttr": {"name": "", "id": "", "cols": "30", "rows": "10"}},
      "tfoot":      {"block": true,  "selfClosing": false},
      "th":         {"block": false, "selfClosing": false},
      "thead":      {"block": true,  "selfClosing": false},
      "time":       {"block": false, "selfClosing": false},
      "title":      {"block": false, "selfClosing": false},
      "tr":         {"block": true,  "selfClosing": false},
      "track":      {"block": false, "selfClosing": true},
      "tt":         {"block": false, "selfClosing": false},
      "u":          {"block": false, "selfClosing": false},
      "ul":         {"block": true,  "selfClosing": false},
      "var":        {"block": false, "selfClosing": false},
      "video":      {"block": true,  "selfClosing": false, "defaultAttr": {"src": ""}},
      "wbr":        {"block": false, "selfClosing": false}
    }
  },
  "css": {
    "vendorPrefixesProperties": {
      "text-fill-color": ["webkit"],
      "ime-mode": ["ms"],
      "grid-layer": ["ms"],
      "user-drag": ["webkit"],
      "mask-image": ["webkit"],
      "font-feature-settings": ["moz", "ms"],
      "mask-box-image-slice": ["webkit"],
      "background-composite": ["webkit"],
      "text-underline-position": ["ms"],
      "hyphenate-limit-chars": ["ms"],
      "marquee-speed": ["o"],
      "input-required": ["o"],
      "color-correction": ["webkit"],
      "background-size": ["webkit"],
      "background-origin": ["webkit"],
      "wrap-through": ["ms"],
      "text-emphasis-position": ["webkit"],
      "text-decoration-style": ["moz"],
      "dashboard-region": ["webkit", "o"],
      "scrollbar-track-color": ["ms"],
      "grid-columns": ["ms"],
      "link-source": ["o"],
      "hyphenate-limit-lines": ["ms"],
      "border-radius": ["webkit", "moz"],
      "text-stroke-color": ["webkit"],
      "box-shadow": ["webkit", "moz"],
      "scrollbar-face-color": ["ms"],
      "scrollbar-highlight-color": ["ms"],
      "border-left-colors": ["moz"],
      "word-wrap": ["ms"],
      "text-emphasis-color": ["webkit"],
      "hyphens": ["webkit", "moz", "ms"],
      "marquee-direction": ["webkit"],
      "rtl-ordering": ["webkit"],
      "box-lines": ["webkit", "ms"],
      "column-break-inside": ["webkit"],
      "scroll-snap-points-x": ["ms"],
      "grid-row-align": ["ms"],
      "force-broken-image-icon": ["moz"],
      "animation-fill-mode": ["webkit", "moz", "o"],
      "box-line-progression": ["ms"],
      "column-break-before": ["webkit"],
      "scroll-boundary-left": ["ms"],
      "text-combine": ["webkit"],
      "grid-column-align": ["ms"],
      "perspective-origin": ["webkit", "moz", "ms"],
      "overflow-style": ["ms"],
      "mask-position": ["webkit"],
      "content-zoom-chaining": ["ms"],
      "column-span": ["webkit"],
      "border-fit": ["webkit"],
      "outline-radius-topright": ["moz"],
      "tab-size": ["moz", "o"],
      "layout-grid-type": ["ms"],
      "mask-clip": ["webkit"],
      "grid-row": ["ms"],
      "text-security": ["webkit"],
      "text-align-last": ["ms"],
      "svg-shadow": ["webkit"],
      "accelerator": ["ms"],
      "locale": ["webkit"],
      "line-clamp": ["webkit"],
      "column-count": ["webkit", "moz"],
      "line-box-contain": ["webkit"],
      "line-break": ["webkit", "ms"],
      "transform-style": ["webkit", "moz", "ms"],
      "perspective": ["webkit", "moz", "ms"],
      "orient": ["moz"],
      "float-edge": ["moz"],
      "image-region": ["moz"],
      "background-inline-policy": ["moz"],
      "user-modify": ["webkit", "moz"],
      "content-zoom-snap-type": ["ms"],
      "marquee-loop": ["o"],
      "outline-radius-bottomright": ["moz"],
      "column-rule-style": ["webkit", "moz"],
      "scroll-boundary-right": ["ms"],
      "text-kashida-space": ["ms"],
      "scroll-chaining": ["ms"],
      "column-gap": ["webkit", "moz"],
      "nbsp-mode": ["webkit"],
      "mask-box-image-source": ["webkit"],
      "font-language-override": ["moz"],
      "animation-delay": ["webkit", "moz", "o"],
      "box-flex-group": ["webkit"],
      "column-rule-width": ["webkit", "moz"],
      "border-image": ["webkit", "moz", "o"],
      "animation-direction": ["webkit", "moz", "o"],
      "marquee-repetition": ["webkit"],
      "grid-column": ["ms"],
      "box-align": ["webkit", "moz", "ms"],
      "user-input": ["moz"],
      "animation-duration": ["webkit", "moz", "o"],
      "transform-origin-y": ["ms"],
      "box-ordinal-group": ["webkit", "moz", "ms"],
      "box-orient": ["webkit", "moz", "ms"],
      "stack-sizing": ["moz"],
      "user-focus": ["moz"],
      "transition": ["webkit", "moz", "ms", "o"],
      "text-size-adjust": ["moz", "ms"],
      "filter": ["ms"],
      "content-zoom-boundary": ["ms"],
      "perspective-origin-x": ["ms"],
      "perspective-origin-y": ["ms"],
      "column-rule-color": ["webkit", "moz"],
      "high-contrast-adjust": ["ms"],
      "text-justify": ["ms"],
      "text-decoration-color": ["moz"],
      "block-progression": ["ms"],
      "border-horizontal-spacing": ["webkit"],
      "scroll-snap-points-y": ["ms"],
      "wrap-flow": ["ms"],
      "content-zoom-boundary-min": ["ms"],
      "table-baseline": ["o"],
      "background-clip": ["webkit", "moz"],
      "scrollbar-arrow-color": ["ms"],
      "scroll-snap-type": ["ms"],
      "text-emphasis-style": ["webkit"],
      "flow-from": ["ms"],
      "backface-visibility": ["webkit", "moz", "ms"],
      "transform": ["webkit", "moz", "ms", "o"],
      "column-break-after": ["webkit"],
      "mask-composite": ["webkit"],
      "layout-grid": ["ms"],
      "mask-box-image-repeat": ["webkit"],
      "scrollbar-base-color": ["ms"],
      "window-shadow": ["moz"],
      "object-fit": ["o"],
      "text-decorations-in-effect": ["webkit"],
      "box-flex": ["webkit", "moz", "ms"],
      "hyphenate-limit-after": ["webkit"],
      "wrap-margin": ["ms"],
      "animation-play-state": ["webkit", "moz", "o"],
      "transition-delay": ["webkit", "moz", "ms", "o"],
      "input-format": ["o"],
      "mask-attachment": ["webkit"],
      "outline-radius-topleft": ["moz"],
      "animation-iteration-count": ["webkit", "moz", "o"],
      "link": ["o"],
      "content-zoom-boundary-max": ["ms"],
      "user-select": ["webkit", "moz", "ms"],
      "text-autospace": ["ms"],
      "mask-origin": ["webkit"],
      "text-orientation": ["webkit"],
      "border-bottom-colors": ["moz"],
      "scroll-boundary-top": ["ms"],
      "content-zooming": ["ms"],
      "appearance": ["webkit", "moz"],
      "scroll-snap-x": ["ms"],
      "scroll-snap-y": ["ms"],
      "margin-before-collapse": ["webkit"],
      "marquee-increment": ["webkit"],
      "behavior": ["ms"],
      "box-pack": ["webkit", "moz", "ms"],
      "highlight": ["webkit"],
      "scrollbar-darkshadow-color": ["ms"],
      "scroll-boundary-bottom": ["ms"],
      "scroll-rails": ["ms"],
      "text-blink": ["moz"],
      "interpolation-mode": ["ms"],
      "column-width": ["webkit", "moz"],
      "accesskey": ["o"],
      "grid-column-span": ["ms"],
      "binding": ["moz"],
      "transform-origin": ["webkit", "moz", "ms", "o"],
      "text-decoration-line": ["moz"],
      "marquee-dir": ["o"],
      "animation-name": ["webkit", "moz", "o"],
      "transform-origin-z": ["ms"],
      "content-zoom-snap": ["ms"],
      "border-top-colors": ["moz"],
      "border-vertical-spacing": ["webkit"],
      "grid-rows": ["ms"],
      "box-reflect": ["webkit"],
      "box-sizing": ["webkit", "moz"],
      "mask-box-image-outset": ["webkit"],
      "outline-radius-bottomleft": ["moz"],
      "text-overflow": ["ms"],
      "border-right-colors": ["moz"],
      "layout-flow": ["ms"],
      "box-direction": ["webkit", "moz", "ms"],
      "animation": ["webkit", "o"],
      "hyphenate-character": ["webkit"],
      "flow-into": ["ms"],
      "mask-size": ["webkit"],
      "content-zoom-snap-points": ["ms"],
      "grid-row-span": ["ms"],
      "touch-action": ["ms"],
      "marquee-style": ["webkit", "o"],
      "margin-after-collapse": ["webkit"],
      "mask-box-image": ["webkit"],
      "scrollbar-shadow-color": ["ms"],
      "object-position": ["o"],
      "hyphenate-limit-zone": ["ms"],
      "layout-grid-char": ["ms"],
      "transform-origin-x": ["ms"],
      "transition-property": ["webkit", "moz", "ms", "o"],
      "word-break": ["ms"],
      "text-stroke-width": ["webkit"],
      "scroll-boundary": ["ms"],
      "mask-repeat": ["webkit"],
      "writing-mode": ["webkit", "ms"],
      "layout-grid-mode": ["ms"],
      "background-position-y": ["ms"],
      "animation-timing-function": ["webkit", "moz", "o"],
      "background-position-x": ["ms"],
      "hyphenate-limit-before": ["webkit"],
      "transition-duration": ["webkit", "moz", "ms", "o"],
      "mask-box-image-width": ["webkit"],
      "layout-grid-line": ["ms"],
      "font-smoothing": ["webkit"],
      "transition-timing-function": ["webkit", "moz", "ms", "o"]
    },
    "unitlessProperties": ["z-index", "line-height", "opacity", "font-weight", "zoom"],
    "intUnit": "px",
    "floatUnit": "em",
    "keywords": ["auto", "inherit"],
    "keywordAliases": {
      "a":"auto",
      "i":"inherit",
      "s":"solid",
      "da":"dashed",
      "do":"dotted",
      "t":"transparent"
    },
    "unitAliases": {
      "-": "px",
      "e": "em",
      "p": "%",
      "x": "ex",
      "r": "rem"
    },
    "color": {
      "shortenIfPossible": true,
      "case": "auto",
      "trailingAliases": {
        "s":    "solid",
        "t":    "dotted",
        "n":    "none",
        "h":    "hidden"
      }
    }
  }
}
